{
    "vis_response_r2": 1.438650980981107,
    "aud_response_r2": 1.8042454303396904,
    "presence_ratio": -1.511989383309867
}